Producto	Precio	Stock	Categoría	Código de Barras
Acetona Jaloma	70	4	Cuidado Personal	759684431050
Aciclovir 400 mg 35 tabletas AMSA	450	2	GENERICO	7501349028791
Aciclovir 400 mg 35 TABS Lesaclor	450	0	GENERICO	785120753530
Aciclovir Crema 5% Lesaclor	150	2	GENERICO	785118753597
ADerogyl Solucion Ampolletas C5	320	5	PATENTE	7501165003040
Advil Ibuprofeno 200 mg c10 Tabletas	180	1	OTC	7501108763475
Advil Ibuprofeno 200 mg c12 Tabletas	180	1	OTC	7501065013767
Advil Ibuprofeno 400 mg c10 Tabletas	180	2	OTC	7501108767527
Agrifen c10 Tabletas Antigripal	180	3	OTC	7501125116810
Agua CIEL 1L	35	12	Bebidas
Agua mineral Peñafiel 355ml	25	19	Bebidas
Agua Mineral Perrier 330ml	90	12	Bebidas
Agua Oxigenada 100 ML Nadro	40	7	OTC	7501048350841
Agua Purificada - 500ml	20	28	Bebidas
Alcohol Etilico 70 grados Nadro	40	10	OTC	7501048350537
Alfa - Tadalafil c/4 - 20mg	650	6	GENERICO	7502216791138
Alka-Seltzer 12 Tabletas Bayer	120	1	OTC	7501008443033
Aloe Vera Gel 200 Mg	290	0	Cuidado Personal	7502009748264
Ambroxol 0.300 G Mucibron	160	0	OTC	7501075713459
Ambroxol Mucoangin 18 Pastillas Sabor Limon	220	0	OTC	7501165011427
Amlodipino 5 Mg 10 Tabletas	250	0	GENERICO	7502216793231
Amlodipino 5 mg c 100 Beadvance	600	3	GENERICO	7501342803630
Amoxicilina 250MG 12 CAPS VANDIX	280	0	GENERICO	7503001007281
Amoxicilina 500mg 60 Capsulas Gilmaxina	420	20	GENERICO	780083144876
Amoxicilina 500mg 90 Capsulas Gilmaxina	540	16	GENERICO	780083148379
Amoxicilina, Acido Clavulanico 500MG-125 12 TABS	480	0	GENERICO	7502009745010
Amoxicilina, Acido Clavulonico 12 H 10 Tabletas Gimaclav	720	1	GENERICO	780083149185
Antiflu-Des c24 Capsulas Antigripal	220	0	Cuidado Personal	7501088509773
Antiflu-Des Jr Jarabe Infantil	320	5	GENERICO	7501088509766
Aqua Net Extra Fijacion 100 Ml Ceramidas y Keratina	140	3	OTC	7502251480158
Ardosons c20 Capsulas	520	5	GENERICO	7502001162426
Arizona 460ml	35	18	Bebidas
Aspirina Acido Acetilsalicilico 40 Tabletas	180	1	OTC	7501008491966
Atenolol 100 mg 100 tabletas Internol	420	7	GENERICO	656599020174
Atorvastatina 20 Mg 10 mg Atorlip	280	1	GENERICO	785120754810
Axe Apollo 72 h Antitranspirante	140	1	OTC	7791293020297
Axe Conviction 48 h Fragancia	140	3	OTC	7506306226739
Azitromicina 500MG C/6 Zertalin	540	0	GENERICO	780083143176
Azitromicina C3 Tabletas 500 mg Charyn	300	1	GENERICO	7502240450018
Azitromicina c4 Tabletas 250 mg	250	0	GENERICO	7502240450025
Azitromicina c6 500 mg Zinotram	520	0	GENERICO	656599024677
Azitromicina c6 Samitrogen	540	15	GENERICO	7501842900150
Azitromicina C9 500MG Zertalin	630	9	GENERICO	780083149338
Azitromicina c9 Tabletas Zinotram	630	0	GENERICO	656599024684
Bactiver Sulfametoxazol, Trimetoprima Bactiver 14 Tabletas	320	3	GENERICO	7503000422283
Bactiver Sulfametoxazol, Trimetoprina 400mg-80mg	270	8	GENERICO	7503000422238
Benadryl Jarabe 120 ML	290	1	PATENTE	7702134108104
Bepanthen Contra rozaduras	150	2	Cuidado Personal	7501008427347
Bepanthen Pomada regeneradora	150	2	Cuidado Personal	7501008498798
Betametasona/ Gentamicina/ Clotrimazol Beadvence	180	2	GENERICO	780083147792
Betametasona/ Gentemicina / Clotrimazol Gelmicin	180	0	GENERICO	780083148966
Bimatapros 3ml Mictrobil	680	9	GENERICO	7502231320696
BIOMITIN Difenidol 25 mg c30 tabletas	220	1	GENERICO	7501563370614
Broncolin Pastillas Sabor Cereza	200	0	OTC	714706910913
Broncolin Pastillas Sabor Eucalipto	200	0	OTC	714706910487
Broncolin Pastillas Sabor Limon	200	0	OTC	714706910890
Broncolin Pastillas Sabor Naranja	200	1	OTC	714706910906
Buscapina c24 Hioscina 10mg	390	1	OTC	7501165011649
Buscapina Duo c20 Hioscina Paracetamol	440	2	OTC	7502321440006
Buscapina Fem c10 Tabletas Hioscina/Ibuprofeno	260	1	PATENTE	7501165011656
Cafi Aspirina c40 500 mg/30	180	2	OTC	7501008433676
Canesten V Ovulos 200mg c3	350	1	GENERICO	7501318646223
Carisoprodol - Naproxeno 30 cápsulas 200 mg / 250 mg	420	8	GENERICO	7501836003140
Cefalexina 500MG 20 Capsulnas Cefalver	300	18	GENERICO	7502009740480
Cefalexina Cefalver 500 mg 12 Capsulas	280	0	GENERICO	7503000422863
Cefixima 100/5ml Biomics 100Ml	1900	2	PATENTE	7501314701360
Celecoxib 200 mg Capsulas c10	280	2	GENERICO	7502216805361
Celecoxib 200 mg Capsulas c30	550	2	GENERICO	7502216805385
Cepillo de dientes duo Colgate	80	0	Cuidado Personal	7509546074320
Cepillo de dientes Oral B	60	6	Cuidado Personal	7501086494286
Cetirizina 10Mg C10 Tabletas Visertral	290	1	GENERICO	7501258205863
Chrisale Tadalafil 20 mg C1	200	4	GENERICO	7502216808614
Chrisale Tadalafil 20mg C4 Tabletas	800	0	GENERICO	7502216808638
Chrisale Tadalafil 5mg C28 Tabletas	2200	1		7502216808669
Cialis Tadalafil 20 Mg C4 Patente	3000	1	PATENTE	7501082212136
Cialis Tadalafil 20 mg Original	900	1	PATENTE	7501082212143
Ciclobenzaprina Bencoprim 10 Mg 100 Tabletas	550	0	GENERICO	7501258213592
Ciclobenzaprina Cessabit C120 Duo	700	5	GENERICO	7257427627041
Ciprofloxacino 500mg 10 tabletas Ciprain	280	0	GENERICO	7503000422436
Ciprofloxacino 500 MG 28 Tabletas Clortory	620	20	GENERICO	656599020266
Ciprofloxacino Solucion 0.3% Kenzoflex	390	2	GENERICO	780083144814
Ciprofloxacino Solucion 3ml	380	4	GENERICO	7501349027817
Ciprofloxaciono 500 mg 60 tabletas	800	13	GENERICO	656599020273
Ciruelax 15MG 20 Tabletas	220	2	OTC	7803510000590
Ciruelax c 24	280	1		7803510001818
Clamoxin 12 H 875-125 mg 10 Tabletas	500	3	GENERICO	7502009740763
Clamoxin 12 H Junior 400MG 57 5 MG	450	5	GENERICO	7502009740503
Clamoxin 875-125 Amoxicilina Acido Clavulonico C 14	790	0	GENERICO	7502009746055
Clamoxin Amoxicilina Acido Clavulonico 500mg/125 mg 16 Tabs	690	2	GENERICO	7502009747731
Claritromicina 500MG 10 Tabletas Vikrol	300	2	GENERICO	785118753979
Clindamicina 300MG 16 Capsulas Indacil	280	8	GENERICO	7502009740558
Clindamicina Crema 1G Dalatina	290	2	GENERICO	785118752415
Coca Cola - 600ml	35	0	Bebidas
Coca Cola Lata 235ml	30	19	Bebidas
Coca Cola LIGHT	35	3	Bebidas
Colchicina 1mg 20 tabletas Colchiquim	290	1	GENERICO	7501109762446
Colgate Cepillo Mediano	60	24	Cuidado Personal	6910021007206
Colgate Kids 50 g	100	3	PATENTE	7509546072272
Colgate Luminos White Carbon Activado	120	0	Cuidado Personal	7509546674018
Colgate Luminous White 29g	90	0	Cuidado Personal	7509546054032
Colgate Maxima Proteccion Anticaries 22Ml	0	0	PATENTE	7509546039152
Colgate Sensitive Original 100mg	130	0	Cuidado Personal	7891024134405
Conazol Ketoconazol Crema 2%	180	0	GENERICO	7501299368022
Condones Sico Invisible 3 Condones	140	1	OTC	7501685171113
Condones Sico Safety Seguridad	140	2	OTC	7501058367129
Condones Trojan Ecstasy	180	0	OTC	7501080952133
Condones Trojan Fire And Ice Latex	180	2	OTC	7501080953017
Condones Trojan Piel Desnuda Puntos de Placer	180	2	OTC	7501080901193
Condones Trojan Piel Desnuda Sensibilidad	180	0	OTC	7501080901186
Corega Ultra sabor Menta 40 mg	240	2	GENERICO	7896009400148
Corta Uñas de La Vega 1 Pieza	80	1	OTC	7501289902564
Crema Blanca Bustillos Hidroquinona	380	2	GENERICO	7501185730568
Crema para afeitar Gillete	100	4	Cuidado Personal	75062613
Curitas 10 Unidades Transpiel	80	2	OTC	7702003469282
Curitas Sensitive c 20 unidades	150	0	Cuidado Personal	7501054550648
Curitas XL 10 unidades Flex	100	1	OTC	4005900942791
Curita Tela Elastica c 20 unidades	100	0	Cuidado Personal	7702003010736
Curita Trans Piel c 10	50	0	Cuidado Personal	7702003010774
Desodrante Dove Original Roll on	80	1	Cuidado Personal	75062835
Desodrante Dove Tono Uniforme	80	1	Cuidado Personal	75062828
Desodrante Gillete Artic ICE	120	2	Cuidado Personal	7702018913671
Desodrante Rexona Bamboo Fresh	120	3	Cuidado Personal	75062897
Desodrante Rexona Powder Dry	120	3	Cuidado Personal	75062927
Dexabion Complejo B 1 Jeringa con 3 Ml	700	1	PATENTE	7501298217673
Dextrometorfano 300Mg/100 Ml Debequin	190	0	OTC	7501825300076
Diclofenaco 100 MG C20 Avivia	190	12	GENERICO	7502216803862
Diclofenaco 2.32% Voltaren Emulgel 50G	320	0	PATENTE	7501065084996
Difenhidramina 25MG 24 Tabletas Benadryl 24 Tabletas	290	0	PATENTE	7501007531601
Difenhidramina 50MG 8 Tabletas Hidrigort	190	3	GENERICO	7501825304142
Dilostop Loperamida c 12 Tabletas 2 mg	170	6	GENERICO	780083142506
Dimenhidrinato 50mg Dramamine 24 Tabletas	290	0	PATENTE	7501007532363
Dolo Neurobion Forte 10 Tabletas	700	3	PATENTE	7501298214986
Doraldent Kit De Ortodoncia	150	5	Cuidado Personal	7501061813125
Doxiciclina 100MG 10 Tabletas Alpharma	300	0	GENERICO	7502226291857
Dramamine Dimenhidrinato Sobre 50 MG 2 Tabletas	80	0	PATENTE	7501109928750
Dramamine for Kids Chewable	290	0	OTC	B0D7FF5Y3X
Dr Pepper 355ml Lata	35	10	Bebidas
Erbitrax Terbinafina 1g 100g 30 g	220	1	GENERICO	7502211783282
Erispan Betametasona Solucion	280	3	GENERICO	7502009740916
Eritromicina 500MG 20 Tabletas Bioresearch	360	3	GENERICO	7501563380170
Eritromicna 500 mg C20 Tabletas Alpharma	270	2	GENERICO	7502226294773
Escitalopram 10 mg 14 tabletas AMSA	700	7	GENERICO	7501349024465
Esomeprazol 40MG 14 Tabletas Ultra Labs	540	3	GENERICO	7502216808430
Estrogenos Conjugados 28 Tabletas 0.625mg Ultra Labs	760	5	GENERICO	7502216808539
Estrogenos Conjugados Crema 62.5MG Ultra Labs	950	1	GENERICO	7502216796782
Excedrin 24 Tabletas 250 mg	280	3	OTC	7501065064714
Fedpros - Tamsulosina 0.4mg - 20 capsulas	290	5	GENERICO	7502227872192
Fenazopiridina 100Mg C20 Urezol	320	7	GENERICO	785118752477
Fenazoporidina 20 tabletas Botella	320	9		7501384545659
Fexofenadina 120MG 10 Tabletas AMSA	360	2	GENERICO	7501349027060
Fexofenadina 120MG 10 Tabletas Biostafex	360	0	GENERICO	7501573904151
Fexofenadina 180MG 10 Tabletas AMSA	420	2	GENERICO	7501349025059
Finazterida Tabletas 5mg C30	290	2	GENERICO	7502216804852
Fleridux Fluconazol 100 mg c10 capsulas	500	1	GENERICO	7502216793583
Fluconazol 150MG 1 Capsula AMSA Labs	140	5	GENERICO	7501349012943
Fluconazol C10 Capsulas 100MG	420	0	GENERICO	7502216802896
Fluconazol c4 Capsulas 150mg Dofil	350	0	GENERICO	7257427604646
Fluconazol Dofil 150 mg 30 cápsulas	920	2	GENERICO	7503044182419
Fluoxetina 20 Mg 14 Capsulas ANIUP	290	3	GENERICO	7502227871508
Fluoxetina 20 Mg C28 Capsulas ANIUP	380	3	GENERICO	7502227871515
FotoSUN UV 100	290	7	Cuidado Personal	7502253602367
Fotos un UV 100 contra Luz Azul	280	5	OTC	7502253603647
Furosemida 40MG 20 Tabletas Diurmessel	180	6	GENERICO	7501573900375
Gabapentina 300MG 30 Capsulas Wermy	320	6	GENERICO	7502240450780
Graneodin B Benzocaina 24 Pastillas Eucalipto	220	0	OTC	7501058715517
Graneodin B Benzocaina 24 Pastillas Frambueza	220	0	OTC	7501095409004
Graneodin B Benzocaina 24 Pastillas Miel y Limon	220	0	OTC	7501095409059
Guaifenesina 1.6 g/100 Mg Vick 44 Exp	240	2	OTC	7590002037157
Guaifenesina, Dextrometorfano Vick 44	240	0	OTC	7501001116187
Guaifenesina, Oxolamina 2G/1g/100ml guaxoquim	220	0	OTC	7502223112193
Gum PROXA Brush	180	4	Cuidado Personal	070942914147
Head and Shouders Limpieza Renovadora	100	0	Cuidado Personal	7500435019958
Hidroclorotiazida 25MG 20 Tabletas Ultra Labs	160	2	GENERICO	7502216794993
Hidrocortisona 1.0% Crema Collicort Collins	320	5	GENERICO	780083142537
Hidrocortisona 2.5% Crema Collicort Collins	490	18	GENERICO	780083142544
Histiacil Fam Jarabe Adulto	300	1	OTC	7501165010673
Histiacil Fam jarabe infantil	270	2	OTC	7501165010727
Histiacil NF dex/ambroxol - Adulto	300	1	OTC	7501328979502
Huggies Ultra Confort	440	3	Departamento de bebe	7506425604241
Ibuprofeno 400MG 10 Tabletas Dolprofen	160	0	GENERICO	780083148829
Ibuprofeno 600MG 10 Tabletas Dolprofen	220	3	GENERICO	780083148843
Ibuprofeno 600 mg c10 Adopren	220	2	GENERICO	7501842900105
Ibuprofeno 800MG 10 Tabletas Dolprofen	270	0	GENERICO	780083148805
Ibuprofeno 800 Mg C10 Adopren	220	0	GENERICO	7501842952890
Ibuprofeno 800 mg con 100 tabletas INPAINED	940	0	GENERICO	670079000838
Ibuprofeno Adopren 800mg C 50 Tabletas	600	0	GENERICO	7501842900716
Ibuprofeno Advil Ibuprofeno 200 Mg 24 Tabletas	180	0	OTC	7501065076182
Ibuprofeno Motrin Infantil 2G/100 ML	390	0	OTC	7501007535494
Ivermectina 6MG 4 Tabletas Veridex Maver	270	0	GENERICO	7502009747366
Ivermectina C4 6MG Generica	280	0	GENERICO	7428327339917501122901976
Jarabe Dextrometorfano/ Guaifenasina/ Fenilefrina	220	1	OTC	7501342801100
Jugo JUMEX 355ml Lata	35	17
Ketorolaco 10MG 10 Tabletas AVIVA	280	4	GENERICO	7502216803893
Ketorolaco 10MG 10 Tabletas Lorotec	280	0	GENERICO	7502009740244
Ketorolaco 10MG 10 Tabletas Mavidol	190	0	GENERICO	785120754766
Ketorolaco/Tramadol C10 Mavidol TR	290	3	GENERICO	785120754841
Kleen Bebe Absorsec	180	2	Departamento de bebe	7501017375189
Kleen Bebe Suavelastic	550	2	Departamento de bebe	7501017366316
Kotex Slim toallas femeninas	100	5	Cuidado Personal	7501943490994
Kotex Unika c12 Tampones	90	4	Cuidado Personal	7506425625536
Labello 24 H Humectacion	150	1	Cuidado Personal	7501054503637
Labello Cereza	150	0	Cuidado Personal	7501054502777
Labello Original	150	1	Cuidado Personal	7501054504870
Lansoprazol 30MG 14 Capsulas Avancid	380	3	GENERICO	7502009740756
Latanaprost Solucion 0.5 MG 3 Ml OPKO	420	4	GENERICO	75055813
Levofloxacino 500 MG 7 Tabletas UNIQUIN	420	1	GENERICO	780083146863
Levofloxacino 750mg AMSA 7 TABLETAS	580	5	GENERICO	7501349021433
Levonogestrel 1.5mg Post Day Alina	300	1	GENERICO	7502214980619
Levonogestrel 1.5mg Post Day Prudence	250	0	GENERICO	7502214983375
Levonogestrel C1 1.5mg ADN	200	4	GENERICO	7506449300020
Levonorgestrel Etinilestradiol 0.15 mg 0.03 Microgynon	850	0	PATENTE	7501303444001
Lidocaina Neomicina Solucion 0.350G 100ML OTILIN	190	0	GENERICO	780083140021
Lidocaina Unguento 5% caja 35 G Alpharma	180	3	GENERICO	7503004908738
Lisinopril C30 Tabletas 10 MG	200	1	GENERICO	7501493888982
Lomotil Loperamida Sobre 2 mg	120	4	PATENTE	7501109922888
Loperamida 2 Mg Lomotil 8 Tabletas	220	0	OTC	7501057002663
Loratadina 10MG 10 Tabletas Laritol Maver	220	3	GENERICO	7502009740435
Loratadina Solucion 100Mg/100Ml Laritol Maver	220	3	GENERICO	7502009740305
Losartan 100 mg 15 Tabletas Punab	320	4	GENERICO	7502240450711
Losartan 50 mg 30 Tabletas Aviva	250	4	GENERICO	7502216803923
LowTiyel Testosterona Gel 14 Sobres	2100	0	PATENTE	7501033957970
Lubricante Prudence Sabor Mora	170	1	Cuidado Personal	7502214980350
Lumboxen Naproxeno, Lidocaina Hombres	280	6	GENERICO	7502009745546
Lumboxen Naproxeno Lidocaina Mujr	190	9	GENERICO	7502009747311
Lysteda Acido Tranexamico 650 mg 30 tabletas	1700	0	GENERICO	7503000883527
Mavidol Sublingual 30 Mg C4 Tabletas	180	7	GENERICO	785120754759
Maxifort 100mg C 10	800	2	GENERICO	7501825302902
Maxifort Sildenafil 50 Mg C10	700	0	GENERICO	7501825302704
Mazanilla Sophia Otica	180	2	Cuidado Personal
Meloxicam 15MG 10 Tabletas Flexiver	190	0	GENERICO	7502009740459
Meloxicam Mavicam 15 mg 10 tabletas	200	9	GENERICO	785120754087
Metamizol Sodico 500MG 10 Tabletas Messelfenil	180	0	GENERICO	7501573901082
Metformina 850 mg c30 tabletas oral	420	4	GENERICO	7503004908776
Metoclopramida 10MG 20 Tabletas Cirulan	160	2	GENERICO	7501075710786
Metoclopramida 10MG C20 Tabletas Botella	160	2	GENERICO	7501563380590
Metronidazol 500mg 30 tabletas	290	4	GENERICO	7501573900542
Modafinilo Modiodal 200 mg 14 Tabletas	1700	3	PATENTE	7501250811352
Modafinilo Modiodal 7 Tabletas 200 mg	1100	2	PATENTE	7501250811369
Montelukast 4mg Masticable c10 tabletas	1100	2	GENERICO	7501299330210
Mupirocina 2.0% 15 Gramos Unguento Serral	420	1	GENERICO	7501258207584
Mupirocina Unguento 2% Dactricare	490	2	GENERICO	7506386100011
Naproxeno/Carisoprodol 250mg/200mg Caridoxen 30 Capsulas	490	0	GENERICO	785120754483
Naproxeno Novaxen 500mg c45	330	1	GENERICO	7501075717075
Naproxeno Sodico 550MG 12 Tabletas Bixen	290	1	GENERICO	7501573908104
Nazil Alivio Ojo Rojo	200	2	Cuidado Personal	736085132069
Nestle Nidal Bebe 2	250	0	Departamento de bebe	7506475106788
Nido Kinder Deslactosado	350	4	Departamento de bebe	7501000911745
Nido Kinder Deslactosado 1,5 kg	500	1	Departamento de bebe	7501058626110
Nineka Neomicina, Caolin Y Pectina	250	6	GENERICO	7501075722253
Niquitin Nicotina Parche Etapa 3 7 mg	800	2	PATENTE	7501109768073
Nitrofurantoina 100MG 40 Capsulas Macrofurin	480	2	GENERICO	785120753349
Nitrofurantoina 100mg c40 BIOFURIN	420	7	GENERICO	7501563310399
Nivea crema corporal Regeneracion intensiva	140	1	Cuidado Personal	4006000152295
Nivea Tono Natural Antitranspirante Roll On	100	0	OTC	4005808630646
NUVIGIL - 150mg c/30	1450	1	PATENTE	7501250811376
Nyquil Z S Difenhidramina c30	700	1	OTC	7500435145497
OFF Family repelente	140	3	OTC	7501032901851
Olds Spice Fresh Desodrante	120	2	Cuidado Personal	7501001163983
Olds Spice Lena Desodrante	120	2	Cuidado Personal	7506339390230
Olds Spice Wolfthorn Desodrante	120	1	Cuidado Personal	7506309839202
Omeprasol 100 Tabletas Alboz 2x1	420	0	GENERICO	780083141936
Omeprazol 20Mg 14 Capsulas Alboz	180	0	GENERICO	780083148348
Omeprazol 20 mg c14 Ultra Lab	180	1	GENERICO	7502216792555
Omeprazol 20mh c120 Capsulas	420	1	GENERICO	7502216792920
Ondasetron 8MG 10 Tabletas Vylkor RAAM	450	4	GENERICO	7502227870716
Ondasetron 8Mg C10 Tabletas	490	0	GENERICO	7501258214414
One Touch Ultra Soft 2	120	3	Cuidado Personal	6945630117121
Orlistat 120 Mg 21 Capsulas Amsafast	400	2	GENERICO	7501349027343
Pantoprazol 40 Mg 14 Tabletas Popram AMSA	280	1	GENERICO	7501349028364
Paracetamol 500 Mg 10 Tabletas Quitadol	180	0	GENERICO	7501573900443
Paracetamol 500 mg C10 Soltadol	180	3	GENERICO	7502209858077
Paracetamol 750 mg C10 Soltadol	180	10	GENERICO	75022098580844
Parche anti mareos c 12 duracion 72 horas	1200	1	Cuidado Personal	760249667586
Parche Hangover c 6 parches	860	0	Cuidado Personal	760249667661
Pepto-Bismol 1.75 g 100ml	200	1	OTC	020800753067
Pepto-Bismol 1.75 g 100ml Diarrea	200	0	GENERICO	7500435154178
Pepto Bismol 236 ml suspension	420	8	Antiácido	020800753050
Pepto-Bismol 24 Tabletas Sabor Cereza	160	0	OTC	7501001353377
Pepto-Bismol 24 Tabletas Sabor Regular	280	5	OTC	7501001258030
Pepto Bismol Cereza 118 ML	200	0	GENERICO	020800756440
Pepto Bismol Masticables c 12 Tabletas	180	0	PATENTE	7500435131834
Pomada Arnica	220	2	OTC	7501358161601
Powerade- 500ml	45	11	Bebidas
Prednisona 20 mg c100	590	9	GENERICO	780083142858
Prednisona 5mg c20 tabletas Norapred	280	0	GENERICO	7501537102388
Prednisona 5 mg Premagnol c20	280	1	GENERICO	7506624901189
Pregabalina 75 Mg 14 Tabletas Bipalver Maver	380	0	GENERICO	7502009745362
Pregabalina 75 mg Capsula Ultra	340	5	GENERICO	7502216799806
Procto Glyvenol Crema	500	0	GENERICO	7501065008336
Protector Solar 50FPS	290	12	Cuidado Personal	7501258209465
Protect Venda Elasticas 5cm 5M	50	3	OTC	7501048693009
Prueba de COVID 19	720	5	OTC	7503013570230
Prueba de Embarazo Clear Blue	700	3	OTC	7506295337454
Prueba de Influenza A/B	900	2	OTC	7503013570582
Puribel 300 Alopurinol 300 Mg 20 Tabletas	280	2	GENERICO	7502208894946
Ratrillo Gillete	50	2	Cuidado Personal	7702018880409
Red Bull	100	6	Bebidas
Relivium LP Tramadol 200 mg c60 tabletas	1200	27	GENERICO	7257427629014
Relivium Tramadol 100mg 60 Tabletas	840	0	OTC	7503044182051
Renu Fresh solución lentes de contacto	250	1	Cuidado Personal	310119033227
Rexona Talco Efficent Original Tripe Accion	80	1	OTC	7506306219922
Rixtal Itraconazol capsulas 100 mg c 15 capsulas	450	2	GENERICO	7501573920182
Robax Gold Metocarbamol/ Ibuprofeno 24 Tabletas	380	2	OTC	7501065062529
Rodillera Elastica Rekord	490	2	OTC	729514000657
Rosel-t 15 Tabletas	200	1	GENERICO	7503003738879
Rosel-t 24 Tabletas	250	1	GENERICO	7503003738404
Saba 28 Protectores DIarios Diarios Delicate	140	0	OTC	7501019068911
Saba Super Plus Toallas	100	1		7501019036422
Salbutamol 100g FARMAREST	250	6	GENERICO	7502213042738
Salbutamol Bresaltec 200 dosis	240	5	GENERICO	7506022327635
Sal de uvas picot c10 sobres	120	3	OTC	7501095451096
Sanzadoll Duo Tramadol, Paracetamol 20 Tabs Sanzadoll	340	4	GENERICO	7502009746215
Sedal Ceramidas Crema Para Peinar 300 Ml	140	1	OTC	7501056340124
Semaglutida 14 MG 30 Tabletas RYBELSUS	8990	0	PATENTE	7503007822918
Semaglutida 3 MG 30 Tabletas RYBELSUS	4600	1	PATENTE	7503007822895
Semaglutida 7 MG 30 Tabletas RYBELSUS	6900	1	PATENTE	7503007822901
Senokot-F Senosidos A-B 30 Tabletas	290	1	OTC	7501065044822
Senokot Senosidos A-B 187Mg	240	4	OTC	7501065013798
Senosidos A-B c20 tabletas	180	4	OTC	7501493860353
Sensibit D NF 12 Tabletas 12 Horas	180	0	OTC	7501299307236
Sertralina Tableta 50 Mg c14 tabletas	490	5	GENERICO	7502003389814
Sico Soft Blue Original	180	1	OTC	7506460101514
Sildenafil 100 Mg 10 Tabletas Edegra	800	1	GENERICO	7501258211345
Sildenafil 100 Mg 20 Tabletas Edegra	1700	17	GENERICO	7501258211352
Sinuberase Esporas Clausil 12 Capsulas	290	0	OTC	7501361606205
Sinuberase Probioticos c48 Comprimidos	490	0	OTC	7501159580014
Soldrin Otico, Hidrocortisona, Cloranfenicol, Benzocaina	350	2	GENERICO	7501125109928
Sol Sun 50+ FPS Creama Facial	300	7	OTC	7502009749063
SOL SUN 50+ SPRAY CORPORAL	280	7	OTC	7502009749353
Sol Sun Protector Solar 100g	290	4	Cuidado Personal	7502009748028
Solutina F Solución Fenitamina, Nafazolina	220	2	Cuidado Personal	75014032
Soviclor Aciclovir Crema 0.05g 1g	150	7	GENERICO	780083141585
Sulfadiazina 1% Argemol Crema	320	1	GENERICO	7502211781615
Sumatriptan 100MG 20 Tabletas Fermig	1200	3	GENERICO	7502227871140
Sunny Care Aceite Bronceador De Coco	390	1	OTC	793969340972
Sunny Care Protector Solar 50 Crema	300	0	OTC	793969341023
Sunny Care Protector Solar en Spray 50 SPF	300	0	OTC	793969341016
Sunny Care Repelente	390	2	OTC	0793969340989
Sunny Care SPORT Bloqueador	390	0	OTC	793969340996
Syncol Caja Con 12 Comprimidos	260	3	OTC	7501070600709
Tabcin Active 12 Capsulas Gripe y Tos	180	0	OTC	7501008499689
Tabcin Noche 12 Capsulas	180	1	OTC	7501008499702
Tadalafil 14 Tabletas 5Mg Chrisale	1500	2	GENERICO	7502216808652
Tadalafil 20mg 8 Tabletas Chrisale	1200	2	GENERICO	7502216808645
Tadalafil Gel 20 mg Bolt 36 Oral	400	2	GENERICO	7501299309841
Talco Mennen Azul	80	4	OTC	7501035908116
Talco Mennen Rosa	80	5	OTC	7501035908123
Tampax Regular cont 10	140	0	OTC	7506295369363
Tampax Super cont 10	140	0	OTC	7506295369387
Tampax Super Plus cont 10	140	3	OTC	020800600347
Tamsulosina 0.4mg c20 ULTRA	320	3	GENERICO	7502216790704
Terbinafina 1G Erbitrax 15 g	220	0	GENERICO	7502211783275
Testosterona Sostenon 250 1 Jeringa	1290	2	PATENTE	7502253072597
Tinitrend Tretinoina 0.5% 30 G	300	0		7502009748035
Toalla Anti Bacterial Escudo	60	7	Cuidado Personal	7501943493940
Toalla Anti Bacterial Escudo con 50	100	6	Cuidado Personal	7506425603404
Toalla Humectante Dodys	100	0	Cuidado Personal	7502221010798
Toallas Femeninas Kotex Nocturna	100	4	Cuidado Personal	7501943427754
Toallas Femeninas Saba Con Alas	100	5	Cuidado Personal	7501019031137
Toallas Femeninas Saba Nocturnas	100	3	Cuidado Personal	7501019035876
Toallas Femeninas Saba Regular sin Alas	100	4	Cuidado Personal	7501019031144
Toallitas Humedas Huggies	100	1	Departamento de bebe	7501943454743
Tobillera Elastica Rekord	450	1	OTC	729514000626
Tradaxin Cetirizina 10 mg c20	350	1	GENERICO	7503044182174
Tradaxin Cetirizina 30 tabletas 10 mg	780	3	GENERICO	7503044182198
Tramadol 100 mg Duo 100 Capsulas Adiodol	800	1	GENERICO	7503044182259
Tramadol 100 Mg Relivium 120 Tabletas	1050	34	GENERICO	7257427801076
Tramadol 200 mg C60 Tabletas	1600	2	GENERICO	742832733991
Tramadol 50 mg 10 Capsulas Adiodol	190	0	GENERICO	725742761971
Tramadol BF Duo 100mg c/120 capsulas	900	20	GENERICO	7506555400065
Tretinoina 0.05% crema Reacel	700	3	GENERICO	7502004403793
Tretinoina 00.5% Queratal 20G	250	0	GENERICO	7501836002020
Tretinoina 00.5% Retin-A 40 Gramos	1290	2	PATENTE	7501100076085
Tretinoina 0.1% Retin-A 40 Gramos	1870	1	PATENTE	7501100076092
Tretinoina Reacel A 0.1% Crema 40 mg	900	0	GENERICO	7502004403786
Tribedoce 100mg 30 tabletas	200	10	GENERICO	7502208894779
Tribedoce c5 ampolletas 50,000 Complejo B	480	5	GENERICO	7501537182960
Tribedoce Compuesto c3 Ampolletas Complejo B	380	5	GENERICO	7501537163266
Tums Sabores surtidos c3 rollos	120	8	OTC	7501065054043
Tums Sabores surtidos c48 tabletas	180	4	OTC	7501065054029
Tylenol C10 Tabletas 500 mg	180	0	PATENTE	7501109913268
Tylenol Jarabe Infantil	320	0	OTC	7501100088170
Tylenol Jarabe Pediatrico	200	1	GENERICO	7501100088217
Tylenol Paracetamol 500mg 20 Tabletas	220	0	OTC	7501100088095
Valaciclovir Camber 500 mg c 10 Tabletas	1000	14	GENERICO	7506442701923
Valaciclovir Comprimido 500 mg Amsa	800	1	GENERICO	7501349021945
Valaciclovir Tableta 500 mg C10 Serral	800	5	GENERICO	7501258208550
Venda Elastica Protect 7 cm	30	2	Cuidado Personal	7501048693306
Venda Elastica Protect Grande 10 cm	50	0	Cuidado Personal	7501048693603
Vermox Mebendazol 1 Tableta 500 mg	270	1	PATENTE	7501109900596
Vermox Suspencion 60 mg ML	290	3	PATENTE	7501109904853
Viagra Original C1 100 mg	1100	1	PATENTE	7501287688224
Viagra Sildenafil C4 Tableta Original	1800	0	PATENTE	7501287688231
Vics Drops Sabor Mentol 20 Pastillas	100	0	OTC	7500435246293
Vics Drops Sabor Miel 20 Pastillas	100	0	OTC	7500435246286
Vic VapoRub Lata	90	10	OTC	75916565
Vitacilina Unguento 16 G Neomicina Retinol	160	1	OTC	354312225140
Vitacilina Unguento 28 g	220	4	Cuidado Personal	354312225133
Vitamina C - Complejo B - Zinc Advantax	300	0	OTC	7502253602312
Volfenac Gel 2.32% Diclofenaco	390	10	GENERICO	780083149024
Voltaren 24H Parche Diclofenaco 30 mg	490	1	PATENTE	7501065024701
Vomisin Dimenhidrato C20 Tabletas	200	8	GENERICO	7502003388107
XL-3 Resfriado Común 10 Tabletas	180	2	OTC	650240052545
XL3 VR Anti Viral c24 tabletas	220	2	OTC	650240017100
XL-3 Xtra 12 Tabletas Gripa y Tos	180	0	OTC	650240017094
